id,surface,location,element,audience,before,after,intended_meaning,issue,priority,requirement_source,status,verification
N1,Every staff page,templates/base.html,Demo group in the sidebar,Prospective lender visiting the demo,(no way back to the start page once a workspace was open),Demo: Demo guide; Start page,"Where to get a guided tour, and how to get back to the start page.",Navigation dead end (reported by the owner),"P2 blocks a task or recovery, or accessibility",Editorial; usability heuristic 3 (user control and freedom),Implemented,"Automated: core/tests/test_demo.py; Browser: 1280, 360 and 320 px"
N2,Start page,templates/start.html; core/views.py start,Start page with a workspace open,Prospective lender visiting the demo,(GET /start/ redirected to Today),"Your demo workspace is still open. Continue where you left off, or start again with fresh sample data. / Continue the demo / Demo guide / Start again with fresh sample data (confirm: Start again with fresh sample data? Changes you made in this workspace will be lost.) / A fresh demo workspace is ready, with new sample data.","Continue, or reset to clean sample data before presenting.",No way to reset the demo,"P2 blocks a task or recovery, or accessibility",Editorial,Implemented,"Automated: core/tests/test_demo.py::StartPageTests; Browser: 1280, 360 and 320 px"
N3,Start page,templates/start.html,Pointer to the guide before opening,Prospective lender visiting the demo,(none),"Once it is open, the demo guide walks you through Valo Pay step by step.",Where to begin.,No orientation,P3 consistency and style,Editorial,Implemented,Walk diff reviewed
N4,Demo guide,"templates/guide.html, base.html, guide_action.html; core/tour.py; core/views.py guide, guide_go, guide_end",Twelve-step tour,Prospective lender visiting the demo,Ten steps in long paragraphs mixing what a step shows with what to click; step numbers inside How Valo Pay works; Act as … buttons whose labels changed with the person,"Demo guide / A step-by-step tour of Valo Pay, using Meridian Finance, a made-up lender. Each step opens the right page for you. Nothing in this demo moves real money. / Start the tour (with a tour running: Continue the tour, End tour) / How to use this guide / twelve steps (step 2: Run today's direct debits), each with what it shows, On the page: what to do there, one button and As {person} where it matters / Also in the demo: import a loan book / How Valo Pay works (Consent, Collection, Confirmation, Review) / Start again","Tell the product story on the real screens in a fixed order, in plain words, with the right person for each step.",No guided path through the demo; the first guide was hard to follow (reported by the owner),"P2 blocks a task or recovery, or accessibility","Business Plan (positioning); TRD BR-02, BR-05, BR-11, FR-C2, FR-P2, 8.3",Implemented; awaiting owner review,"Automated: core/tests/test_demo.py::GuideTests (copy checks for every step as every role, the records each step opens, person switching, the tour end to end); Browser: whole tour at 1280 and 390 px; core/tests/test_debits.py for step 2"
N5,Dashboard,templates/today.html,Guide hint,Prospective lender visiting the demo,(none),New to Valo Pay? Open the demo guide for a step-by-step tour of this sample lender.,Where to begin; hidden once the guide has been opened.,No orientation,P3 consistency and style,Editorial,Implemented,Automated: core/tests/test_demo.py::test_today_points_to_the_guide_until_it_is_opened
N7,Every staff page during a tour,templates/base.html; core/tour.py bar,Step bar,Presenter,(none: the presenter went back to the guide after every step),"Step {n} of 12 · As {person} / {step title} / {what to do on the page} / All steps · Next step · End tour (End tour only, on the last step)","Where the presenter is in the tour, what to show on this page, and one click to the next step.",Presenting needed a trip back to the guide for every step (reported by the owner),"P2 blocks a task or recovery, or accessibility",Editorial; usability heuristics 1 (visibility of system status) and 7 (flexibility and efficiency of use),Implemented,Automated: core/tests/test_demo.py::test_the_step_bar_follows_the_tour; Browser: whole tour at 1280 and 390 px
N8,Every staff page,"templates/base.html, today.html, 403.html, preview.html; core/views.py TITLES; core/tour.py",Home screen name,Organisation staff,"Today (sidebar, page title Today · Valo Pay, Go to Today, Back to Today, guide step Open Today)","Dashboard (sidebar, page title Dashboard · Valo Pay, eyebrow Dashboard · {date}, Go to the Dashboard, Back to the Dashboard, guide step Open the Dashboard)","The team's home screen: what is due, what was confirmed and what needs a decision.",The owner asked for the name Dashboard,P3 consistency and style,"Owner request (October 2026); differs from TRD R1, R2 and 8.1 (copy-review.md D16)",Implemented,"Automated: core/tests/test_demo.py::NavigationTests, core/tests/test_copy.py NAVIGATION; Browser: 1366 × 768 and 390 px"
N9,Every staff page,templates/base.html; static/valo.css,Sidebar order and groups,Organisation staff; presenter,"Today, Customers, Collections, Pay-by-bank, Reviews, Reports; then Demo (Demo guide, Start page), Account (Settings & team), Previews (Credit Desk, Cash Desk); Acting as","Dashboard / Daily work: Collections, Reviews, Pay-by-bank / Records: Customers, Reports / Organisation: Settings & team / Coming later: Credit Desk, Cash Desk (preview) / at the bottom, Demo: Demo guide, Start page, Acting as {name} · {role} · Switch person",Pages in the order a team uses them in a day; demo controls kept apart from the product.,"The order did not follow the working day, and demo controls sat among product pages (reported by the owner)","P2 blocks a task or recovery, or accessibility",Owner request; usability heuristics 4 (consistency and standards) and 8 (minimalist design); differs from TRD R2 (copy-review.md D17),Implemented,"Automated: core/tests/test_demo.py::NavigationTests::test_navigation_follows_the_working_day; Browser: no sidebar scroll at 1280 × 800 and 1366 × 768, phone menu at 390 px"
N10,Dashboard,templates/today.html; core/views.py run_debits; core/services.py run_todays_debits,Run today's debits,"Admin, Preparer (others see who can)",(none: Collections said that in this demo scheduled direct debits do not run),"Run today's debits / In the live service, this runs by itself every morning. Here it uses sample data: no bank is contacted and no money moves. / Reviewers and Viewers: An Admin or Preparer can run today's debits.","Shows how automatic collection works, on sample data, without moving money.",No way to show direct debits in the demo (asked by the owner),"P1 money, consent, security or state meaning","TRD FR-C3.1, FR-C3.3, FR-C3.4, BR-04, BR-05, BR-07; what it does not model: copy-review.md D18",Implemented; awaiting owner review,Automated: core/tests/test_debits.py::DebitRunTests; Browser: tour step 2 at 1280 and 390 px
N11,Dashboard,"templates/today.html; core/services.py debit_outlook, debit_blocker, next_try; core/content.py CONSENT_NOT_ACTIVE",Debit column in Due today,Organisation staff,(none),"Ready for today's run / Collected by direct debit / Paid / Debit failed · next try on {date} (retry rule Off: no automatic retry: the retry rule is Off) / Not debited: {reason}, for example the loan is on hold; an earlier payment has no final result yet; a payment request for it is in progress; the customer's bank has not activated the consent yet; it is more than the customer's maximum per debit","What the run will do or did for each instalment due today, and why an instalment is left alone.",(new),"P1 money, consent, security or state meaning","TRD FR-C3.1, FR-C3.3, FR-C3.4, BR-04, BR-05, BR-07",Implemented,Automated: core/tests/test_debits.py::DebitRunTests
N12,Dashboard,core/views.py run_debits; templates/today.html,Run result,"Admin, Preparer",(none),"Today's direct debits ran on sample data: {n} collected, {n} failed and {n} not debited. No bank was contacted and no money moved. / Nothing new to debit today. Every instalment due today has been collected, tried or held back for a reason shown below. / In the card: Today's debits have run: {n} collected, {n} failed and {n} not debited. No bank was contacted.","What happened, and that nothing real moved.",(new),"P1 money, consent, security or state meaning",Content guide (messages); TRD BR-18,Implemented,"Automated: core/tests/test_debits.py::test_the_run_collects_fails_and_skips_by_the_rules, ::test_running_again_debits_nothing_twice"
N13,Activity log (new entries only),core/services.py run_todays_debits,Entries for the run,"Organisation staff, auditors",(none),"Direct debit confirmed · {loan} instalment {n}, {amount}, matched to the instalment. Sample run: no bank was contacted. / Direct debit failed · {loan} instalment {n}, {amount}: not enough money in the account. Next try on {date}. Sample run: no bank was contacted. / Today's direct debits run · {n} collected, {n} failed, {n} not debited. Started from the Dashboard on sample data: no bank was contacted.",A record of each result and who started the run.,(new),"P2 blocks a task or recovery, or accessibility",TRD FR-C3.6,Implemented,Automated: core/tests/test_debits.py::test_the_run_collects_fails_and_skips_by_the_rules (entries and their order)
N14,"Dashboard, Reviews, review items, customer pages","core/content.py REVIEW_LABEL, REVIEW_HINT; core/models.py Review.label, hint; core/views.py reviews, review_detail, loan_action, request_form; templates/today.html, reviews.html, review_detail.html, customer_detail.html",Review type names and one-line meanings,Organisation staff,"Unknown result (item name, heading and page title); messages said a payment ""has an Unknown result""","Payment result not known (item name, heading and page title Payment result not known · Review); under each item in Needs a decision, one line, for example We do not know yet if this payment went through. / Two payments may cover the same instalment. / The bank reversed a confirmed payment. Messages say a payment ""has no final result yet"" (releasing a hold, closing a loan, requesting a payment). Search finds items by either name; the stored type and CSV exports keep Unknown result.",The result is not known yet; it is not a failure; collection stays on hold.,The TRD name was unclear to the owner (asked for plain words),"P1 money, consent, security or state meaning","Owner request; TRD FR-C3.6, FR-C5.1, FR-P3.2, BR-05 (copy-review.md O15)",Implemented; awaiting owner review,"Automated: core/tests/test_debits.py::PlainReviewNameTests, core/tests/test_copy.py::test_states_keep_their_meaning, core/tests/test_customers.py::test_unknown_result_blocks_closing"
N15,Collections,templates/collections.html,Subtitle,Organisation staff,"Every instalment and its status. In this demo, scheduled direct debits do not run; you can request a payment for an instalment instead.","Every instalment and its status. In the live service, direct debits run by themselves on each due date. In this demo, they run when you choose Run today's debits on the Dashboard, and you can also request a payment for an instalment. (The last part only for Admins and Preparers.)","Where direct debits come from, in the live service and in the demo.","Said debits never run, which is no longer true","P2 blocks a task or recovery, or accessibility",TRD FR-C3.1,Implemented,Automated: copy checks for every role; Browser: tour
N6,Customer pages,templates/public.html,Demo banner,Customer (borrower or member),Demo · Sample data only · No real payments,Demo · Customer's view · No real payments,"During a demo, viewers can tell the customer's side from the lender's side.",Easy to lose track of whose screen is shown,P3 consistency and style,Editorial,Implemented,"Automated: core/tests/test_demo.py::test_customer_pages_say_whose_view_it_is; Browser: 1280, 360 and 320 px"
G12,"Today, Customers, Collections, Pay-by-bank, review items","templates/today.html, customers.html, collections.html, payments.html, review_detail.html",Actions by role,Organisation staff,"New payment request, Add customer and Import from CSV shown to every role; Owner and Assign shown to Viewers; 'Create one from an instalment…' told to roles that cannot",Shown only to roles that can use them; others read 'An Admin or Preparer can create a payment request for an instalment.',Offer only actions the person can take.,Actions led to the 403 page (found in review),"P2 blocks a task or recovery, or accessibility","TRD 4.2; content guide (empty states, blocked actions)",Implemented,Automated: core/tests/test_copy.py::test_actions_match_the_role
G13,Today,templates/today.html,Greeting heading,Organisation staff,"Good day, Ada Okafor.","Good day, Ada Okafor",—,Full stop in a heading (found in review),P3 consistency and style,Content guide (punctuation),Implemented,Automated: core/tests/test_copy.py (headings without full stops)
G14,"Today, Pay-by-bank, Reviews lists","templates/today.html, payments.html, reviews.html",Deadlines and expiries in lists,Organisation staff,"6 Oct, 09:21; 5 Oct 14:00","6 Oct 2026, 09:21 WAT; 5 Oct 2026, 14:00 WAT",The time zone of a deadline or expiry that decides what someone can do.,WAT missing in lists (found in review),P3 consistency and style,TRD NFR-09; content guide,Implemented,Automated: core/tests/test_copy.py::test_creating_a_request_never_claims_money_moved
B9,Customer consent page,core/views.py public,Repayment schedule rows,Customer (borrower or member),"Every instalment, including ones already paid and dates in the past, under 'collect … on the dates below'",Only instalments not yet paid and due today or later; 'on the dates below' only when there are any,The dates the customer is asked to authorise are dates that can still be collected.,Customers could think they were authorising a second charge for a paid instalment (found in review),"P1 money, consent, security or state meaning","TRD 8.2, FR-C2.2; BR-09",Implemented; awaiting owner review,"Automated: core/tests/test_copy.py::test_consent_page; Browser: 1280, 360 and 320 px"
G1,Every page,"templates/base.html, standalone.html, public.html",Banner,Anyone,Demo sandbox · Synthetic data only · No real payments,Demo · Sample data only · No real payments,This environment uses made-up records and cannot move money.,"Terminology: in the TRD, Sandbox is the mode that uses Paystack test keys; synthetic is jargon","P2 blocks a task or recovery, or accessibility","TRD 10.3, FR-X4.3; content guide",Implemented,"Automated: core/tests/test_copy.py (banned words); Browser: 1280, 360 and 320 px; Walk diff reviewed"
G2,Every page,"templates/base.html, standalone.html",Meta description,Prospective lender visiting the demo,Valo Pay — a synthetic-data collections and Pay-by-bank operations sandbox for Nigerian lenders.,"Valo Pay demo: collections and Pay-by-bank software for Nigerian lenders and cooperatives, shown with sample data.",What Valo Pay is and who it is for.,Positioning omitted cooperatives; jargon,P3 consistency and style,Business Plan (positioning),Implemented,Walk diff reviewed
G3,Every staff page,"core/views.py (TITLES, page titles)",Page titles,Organisation staff,Customer · Valo Pay; Customer Form · Valo Pay; Review Detail · Valo Pay; Request Form · Valo Pay; Refund Form · Valo Pay,{customer name} · Valo Pay; Add a customer; Edit {name}; {review type} · Review; New payment request; Request a refund; Payment request {reference},Each browser tab and screen-reader page announcement names the record or task.,Accessibility: generic titles (WCAG 2.4.2),"P2 blocks a task or recovery, or accessibility",Editorial; content guide,Implemented,"Automated: core/tests/test_copy.py::test_page_titles_name_the_page; Browser: 1280, 360 and 320 px"
G4,Sidebar,templates/base.html,Credit Desk and Cash Desk tags,Organisation staff,soon,preview,These workspaces are previews; no date is promised.,Unsupported promise of timing,"P2 blocks a task or recovery, or accessibility","Product Roadmap (later, gated releases)",Implemented,Automated: core/tests/test_copy.py (banned 'soon'); Walk diff reviewed
G5,Sidebar,templates/base.html,Demo identity,Organisation staff,Simulating {name} · {role} · switch,Acting as {name} · {role} · Switch person,Which team member the visitor is playing; there is no sign-in.,Jargon; link name did not say what it switches,P3 consistency and style,Content guide (acting as),Implemented,Automated: core/tests/test_copy.py (Acting as on every page); Walk diff reviewed
G6,Settings,core/views.py demo_role,Role switched message,Organisation staff,Simulating {name} ({role}). This is not authentication.,You're now acting as {name} ({role}). This is for the demo only; it is not signing in.,The switch changed whose permissions apply; it is not a login.,Jargon,P3 consistency and style,Content guide,Implemented,Walk diff reviewed
G7,Copy buttons,"static/valo.js, templates/customer_detail.html, request_detail.html",Copy feedback,Organisation staff,Copy → Copied (shown even when copying failed; not announced),"Copy link → Copied, announced as 'Link copied.'; on failure: Not copied, announced as 'The link could not be copied automatically. It is selected, so you can copy it yourself.'",Whether the link is on the clipboard.,Misleading feedback; not announced to screen readers,"P2 blocks a task or recovery, or accessibility",Editorial; content guide (messages),Implemented,"Browser: 1280, 360 and 320 px (button text, live region and clipboard agree)"
G8,Lists and tables,"templates/customers.html, collections.html, customer_detail.html, payments.html, reports.html",Repeated link and button names,Organisation staff,Open; Request; Refund; View; Cancel; Download CSV (identical names going to different records),View {customer}; Request payment for {loan} instalment {n}; Request refund for {reference}; Cancel request {reference}; Download CSV: {export name} (context added for screen readers),Which record each action affects.,Accessibility: ambiguous names (WCAG 2.4.4); vague verbs,"P2 blocks a task or recovery, or accessibility",Editorial; content guide,Implemented,"Automated: core/tests/test_copy.py (links with the same name must go to the same place); Browser: 1280, 360 and 320 px (accessibility tree)"
G9,Tables,"templates/customer_detail.html, collections.html, customers.html, payments.html",Empty action column headers,Organisation staff,(blank),Actions (screen readers only),What the last column holds.,Accessibility,P3 consistency and style,Editorial,Implemented,"Browser: 1280, 360 and 320 px"
G10,Forms,core/forms.py (PlainForm),Field labels,Organisation staff,Name:; Loan id:; Reason:; Receipts:,Customer name; Loan ID; Reason for the refund; Email receipts to customers,Specific labels without trailing colons.,Style; vague labels,P3 consistency and style,Content guide (style),Implemented,Automated: core/tests/test_copy.py (form controls have labels); Walk diff reviewed
G11,Dates,"templates/today.html, import.html, review_detail.html and others",Date and time format,Organisation staff,"Sunday, 4 October 2026; 2026-11-01; 6 Oct 2026, 09:21 (no time zone)","Sunday 4 Oct 2026; 1 Nov 2026; 6 Oct 2026, 09:21 WAT",Dates in one format; deadlines and expiries state the time zone.,Inconsistent format; time zone missing where a deadline decides action,P3 consistency and style,TRD NFR-09,Implemented,Walk diff reviewed
S1,Start page,templates/start.html,Heading and introduction,Prospective lender visiting the demo,"Collections and Pay-by-bank / Explore a sample lender's workspace / You get your own copy of Meridian Finance, a made-up lender with customers, instalment schedules, consents…","For lenders and cooperatives in Nigeria / See how Valo Pay runs loan collections / Valo Pay is software for the team that collects loan repayments. It is designed to keep each customer's consent to be debited, their instalments and their payments in one place, link each confirmed payment to the instalment it covers, and send anything unclear to a review queue. Valo Pay never holds money: each lender connects its own Paystack account.","What the product is, who it is for, what the demo contains and that Valo Pay never holds money.",First-time visitors were not told what Valo Pay is or who holds money,"P2 blocks a task or recovery, or accessibility","Business Plan (positioning, section 7); Brochure",Implemented; awaiting owner review,"Automated: core/tests/test_copy.py::test_start_page; Browser: 1280, 360 and 320 px; Not tested with users"
S2,Start page,templates/start.html,Before you start,Prospective lender visiting the demo,"Every name, loan and payment is synthetic. Never enter real customer data. / No bank or payment provider is connected, so no money can move. / …","Every name, loan and payment is sample data. Do not enter real customer details. / No bank or Paystack account is connected, so no money can move and no messages are sent. / You can act as four team members with different roles. This is not signing in. / Your workspace closes after 30 minutes without activity and is then deleted. / Credit Desk and Cash Desk are previews of workspaces planned for later. They do not work yet.","Data handling, safety and lifetime of the demo.",Missing safety and retention information,"P1 money, consent, security or state meaning","valo/settings.py (SESSION_COOKIE_AGE 1800, DEMO_WORKSPACE_RETENTION); RELEASE_SCOPE.md",Implemented,Automated: core/tests/test_copy.py::test_start_page; Walk diff reviewed
S3,Any staff action after the session ends,core/middleware.py,Expired session,Organisation staff,"Your demo workspace has ended (workspaces close after 30 minutes without activity), so that change was not saved.","Your demo session has ended, so that change was not saved. Demo workspaces close after 30 minutes without activity. Open a new workspace to continue.",The action did not happen and how to continue.,No next step,"P2 blocks a task or recovery, or accessibility",Editorial; content guide (errors),Implemented,"core/tests/test_workspace.py; Browser: 1280, 360 and 320 px"
T1,Dashboard,templates/today.html,Amount due today,Organisation staff,"₦180,000.00 outstanding today across 3 instalments","₦180,000.00 outstanding on 3 instalments due today","The unpaid amount on instalments whose due date is today, not all arrears.",Ambiguous financial figure,"P1 money, consent, security or state meaning",TRD 8.1 (Today tiles),Implemented,Walk diff reviewed
T2,Dashboard,templates/today.html,Month figure,Organisation staff,Collected this month · sample records / 8 sample confirmed payments · no real money moved,Confirmed this month · sample data / From 8 confirmed sample payments since 1 Oct · no real money moved,Total of confirmed sample payments since the first day of the month (WAT).,Period unstated; 'Collected' can be read as money received in the lender's account,"P1 money, consent, security or state meaning",TRD 8.1 says 'collected this month'; Confirmed is the TRD 8.3 state (editorial deviation),Implemented; awaiting owner review,Walk diff reviewed
T3,Dashboard,templates/today.html,Tiles,Organisation staff,In review; On hold; Failed; Active consents 6 / 12,Open reviews; Instalments on hold 5 on 1 loan; Failed instalments; Active consents 6 of 12 loans,What each count counts.,"Units missing or mismatched (consents counted per loan, not per customer)","P2 blocks a task or recovery, or accessibility",TRD 8.1,Implemented,Walk diff reviewed
T4,"Dashboard, Reviews",templates/today.html,Review deadline line,Organisation staff,"Due 6 Oct, 09:21 · Tunde Bello","Deadline 6 Oct, 09:21 · Owner: Tunde Bello","When the review must be decided, and who owns it.",'Due' confused review deadlines with instalment due dates,"P2 blocks a task or recovery, or accessibility",TRD FR-C5,Implemented,Walk diff reviewed
T5,Reports,templates/reports.html,Figures,Organisation staff,Today's position and CSV exports for reconciliation and audit. / 3 instalments / 8 sample payments,Today's figures and CSV downloads for reconciliation and audit. Figures use sample data and count confirmed payments only. / 3 unpaid instalments / 8 sample payments since 1 Oct / of 12 loans,What each figure counts and over which period.,Periods and units missing,"P2 blocks a task or recovery, or accessibility",TRD 8.1,Implemented,Walk diff reviewed
T6,Reports,templates/reports.html,Audit log download,Organisation staff,"Who did what, and when (link shown to every role; non-Admins got a 403)",Who did what and when. Each entry is linked to the one before it. Admins only. (link shown to Admins only),What the audit log is and who can download it. No tamper-evidence claim: the chain does not cover timestamps and nothing verifies it (FR-X3.4 checkpoint not built).,Dead end for non-Admins; an unsupported integrity claim was removed after review,"P2 blocks a task or recovery, or accessibility",core/views.py exports; core/services.py audit(); TRD FR-X3.4,Implemented; awaiting owner review,Automated: core/tests/test_copy.py::test_audit_download_only_for_admins and banned integrity claims; Walk diff reviewed
T7,Exports,core/views.py exports,Daily summary CSV,Organisation staff,"metric,value,dataset / due_display,""₦180,000.00"",Synthetic demo only / …","metric,value,period,data / Instalments due today and not yet paid,3,4 Oct 2026,Sample data from the demo / Outstanding on instalments due today (NGN),180000.00,… / Confirmed payments,8,1 Oct 2026 to 4 Oct 2026 (WAT),…","Plain metric names, numeric amounts and the period each covers.",Code names as labels; amounts as text; periods missing,"P2 blocks a task or recovery, or accessibility",TRD 8.1; NFR-09,Implemented; awaiting owner review,Automated: core/tests/test_copy.py::ExportTests
T8,Exports,core/views.py exports,Payments and reviews CSV columns,Organisation staff,"payments: …,paid_at,synthetic; reviews: id,type,customer,status,owner,deadline,outcome,note","payments: …,paid_at,sample_data; reviews: …,note,prepared_by,decided_by",Which rows are sample data; who prepared and who decided each item (BR-11 evidence).,Jargon; maker-checker evidence missing,"P2 blocks a task or recovery, or accessibility",TRD BR-11,Implemented; awaiting owner review,Automated: core/tests/test_copy.py::ExportTests
C1,Customers,templates/customers.html,Page description,Organisation staff,Borrowers / 12 shown. Consent and hold state at a glance.,"Borrowers and members / 12 customers. Each row shows their loans, consent status and any holds. (filtered: N customers match your search or filter.)",Who is listed and what each row shows.,Cooperatives' members omitted; count unit missing,P3 consistency and style,Business Plan (cooperatives); TRD 4.1,Implemented,Automated: core/tests/test_copy.py (plurals); Walk diff reviewed
C2,Customers,templates/customers.html,Filter,Organisation staff,No consent,No active consent,"Customers with no loan whose consent is Active, including those whose consent is Requested or Awaiting bank.",Label did not match the filter (it includes links waiting for authorisation),"P2 blocks a task or recovery, or accessibility",core/views.py customers filter,Implemented,Walk diff reviewed
C3,Customers,templates/customers.html,Column and search,Organisation staff,"External ID / Name, email, phone or ID","Customer ID / Name, email, phone, customer ID or loan ID",The organisation's own IDs; search also matches loan IDs.,Terminology; search scope understated,P3 consistency and style,Content guide,Implemented,Walk diff reviewed
C4,"Customers, Collections, Pay-by-bank, Reviews",templates/*.html,Empty states,Organisation staff,No customers match Clear filters / No instalments here / Queue is clear Show all open / No requests Create one from any due instalment. / No payments recorded Provider-confirmed payments appear here.,"No customers match your search or filter / No instalments match your search or filter / No open items are assigned to you, No open items match your search, No closed items yet / No payment requests match your search or filter / No payments match your search or filter",Whether nothing exists yet or nothing matches the current filter.,Empty states did not separate no records from no matches; 'Provider-confirmed' implied a connected provider,"P2 blocks a task or recovery, or accessibility",Content guide (empty states),Implemented,Walk diff reviewed
D1,Customer page,core/content.py CONSENT; templates/customer_detail.html,Consent state meanings,Organisation staff,Active (label only),"Active: Consent is in place. Debits must still follow the schedule, the maximum per debit, the six-hour wait after authorisation and the notice rule. (Also Not requested, Requested, Awaiting bank, Withdrawn.)",Active consent does not mean money can be collected now. Withdrawn covers an unused link as well as consent.,State meaning missing,"P1 money, consent, security or state meaning",TRD 8.3; BR-07; BR-09,Implemented,"Automated: core/tests/test_copy.py::test_states_keep_their_meaning (wording pinned), ::test_meanings_cover_every_state; Walk diff reviewed"
D2,Customer page,templates/customer_detail.html; core/services.py seed,Hold banner,Organisation staff,Collections paused. Unknown result: awaiting final provider evidence.,On hold. No new payment requests can be created for this loan. Reason: A payment on this loan has no final result yet. Collection stays paused until the result is known.,"What a hold blocks in this app, and why it was placed.",'Collections paused' was vague; hold term inconsistent; October 2026: the owner asked for plain words for Unknown result (copy-review.md O15),"P1 money, consent, security or state meaning",TRD 8.3 (On hold flag); FR-P3.2,Implemented,Walk diff reviewed
D3,Customer page,templates/customer_detail.html,Payment result not known note,Organisation staff,(none),Payment result not known. We do not know yet whether a payment on instalment 2 went through. Collection for it is on hold until the result is known.,Unknown is not Failed; do not collect again until the result is known.,Missing state explanation; October 2026: the owner asked for plain words for Unknown result (copy-review.md O15),"P1 money, consent, security or state meaning","TRD BR-05, FR-P3.2",Implemented,Automated: core/tests/test_copy.py::test_states_keep_their_meaning
D4,Customer page,templates/customer_detail.html,Consent link actions,Organisation staff,Send consent request / Generates a link the customer opens to review and authorise debits.,Create a consent link / The customer opens the link to check the repayment plan and authorise debits from their bank account. Nothing is sent: you share the link yourself.,The action creates a link only; nothing is sent to the customer.,Claimed sending that does not happen,"P1 money, consent, security or state meaning",core/views.py loan_action (no email),Implemented,"Browser: 1280, 360 and 320 px; Walk diff reviewed"
D5,Customer page,core/views.py loan_action,Consent link created,Organisation staff,Demo consent link created. No email was sent and no bank authorisation has been created.,Consent link created for {loan}. Copy it below and share it with the customer; it works for 14 days. Nothing was sent: this demo does not send emails.,"What was created, how long it works and that nothing was sent.",Validity period missing,"P2 blocks a task or recovery, or accessibility",TRD 7.4 (14-day link); core/views.py public,Implemented,"Browser: 1280, 360 and 320 px; Walk diff reviewed"
D6,Customer page,templates/customer_detail.html,Consent link field,Organisation staff,Customer consent link / Copy / Open,"Consent link to share with the customer / Copy link / Preview (the customer's consent page, opens in a new tab) / Works until 18 Oct 2026, 09:21 WAT.","What the link is for, what Preview opens and when the link stops working.",Vague labels; expiry missing,"P2 blocks a task or recovery, or accessibility",TRD 7.4,Implemented,"Browser: 1280, 360 and 320 px (accessible names)"
D7,Customer page,templates/customer_detail.html; core/views.py,Hold actions and messages,Organisation staff,Place on hold / Pause collections / A different Reviewer must release this hold. / Release,"Put this loan on hold / Put on hold / LN-2042 is on hold. No new payment requests can be created for it until a different person releases the hold. / You put this loan on hold, so a different person must release it. / Release the hold / Release hold / Hold released. Payment requests can be created for LN-2042 again.","Who can release a hold and what changes when it is placed or released. A closed loan cannot be put on hold, and releasing a hold on a closed loan says requests still cannot be made.",Wrong role in message (an Admin can also release); no success feedback; after review: release message promised requests on closed loans,"P2 blocks a task or recovery, or accessibility",TRD BR-11; core/models.py decision roles,Implemented,"core/tests/test_customers.py; Automated: core/tests/test_copy.py::test_closed_loans_cannot_be_held_and_release_says_so; Browser: 1280, 360 and 320 px"
D8,Customer page,core/views.py loan_action,Release blocked by Unknown result,Organisation staff,Unknown results require final provider evidence. This hold cannot be released…,"This hold cannot be released yet. A payment on this loan has no final result yet, and collection stays on hold until the result is known.",Why the safeguard applies.,Jargon; October 2026: the owner asked for plain words for Unknown result (copy-review.md O15),"P1 money, consent, security or state meaning",TRD BR-05,Implemented,Walk diff reviewed
D9,Customer page,templates/customer_detail.html; core/views.py,Withdraw consent,Organisation staff,Record consent withdrawal / Record that this customer withdrew consent? / Provider deactivation is unavailable. No withdrawal has been claimed; live processing is disabled.,"For an unused link: Withdraw the consent link / Withdraw link / Withdraw the consent link for {loan}? It will stop working. / Use this to cancel a consent link the customer has not used. / Consent link withdrawn. The customer had not used it, and the link no longer works. For Active consent: Withdraw consent / Consent cannot be withdrawn in this demo. Withdrawing it means cancelling it at Paystack, and no Paystack account is connected. The consent is unchanged.",Withdrawing an unused link is not withdrawing consent; an Active consent stays Active in the demo.,Jargon; state after the blocked action unclear; after review: an unused link was announced as consent withdrawn,"P1 money, consent, security or state meaning",TRD 8.3; FR-C2; BR-10,Implemented,core/tests/test_customers.py; Automated: core/tests/test_copy.py::test_withdrawing_an_unused_link_is_not_called_consent; Walk diff reviewed
D10,Customer page,templates/customer_detail.html; core/views.py,Close loan,Organisation staff,Close loan / Close this loan? This is logged.,"Close this loan / Close loan {loan}? Its open payment requests will be cancelled, and a closed loan cannot be reopened in Valo Pay. / For a loan that is paid off or written off. Open payment requests are cancelled and all records are kept. / {loan} is closed. All its records are kept.",Closing is permanent and cancels open payment requests.,Irreversible consequence not stated,"P1 money, consent, security or state meaning",core/views.py loan_action (no reopen action),Implemented,core/tests/test_customers.py; Walk diff reviewed
D11,Customer page,templates/customer_detail.html,Viewer explanation,Organisation staff,"(actions hidden, no explanation)","As a Viewer, you can see this loan but not change it.",Why there are no actions.,Missing explanation,"P2 blocks a task or recovery, or accessibility",TRD 4.2,Implemented,"Browser: 1280, 360 and 320 px"
D12,Customer page,templates/customer_detail.html,Missing contact details,Organisation staff,sample1@example.com · (dangling separator); · (when both missing),sample1@example.com; No email or phone recorded,Which contact details exist.,Broken punctuation; empty value,P3 consistency and style,Editorial,Implemented,Automated: core/tests/test_copy.py::test_customer_names_and_missing_details (message and no stray separator)
D13,"Customer page, customer form",templates/customer_detail.html; core/views.py customer_form,Schedule changes,Organisation staff,Schedule editing is not in this release,"Changing the schedule is not available in this demo. / You cannot change the schedule in this demo. In the live service, a change creates a new version of the schedule and the customer must be notified again.",The demo cannot change schedules; the requirement for the live service.,'Not in this release' contradicted TRD FR-C1.4 (Must),"P2 blocks a task or recovery, or accessibility",TRD FR-C1.4; BR-09,Implemented; awaiting owner review,Walk diff reviewed
F1,Add a customer,templates/customer_form.html; core/forms.py,Amount meaning,Organisation staff,Amounts are in naira. The loan is split into equal instalments starting on the first due date. / Amount:,"Enter the customer's details and their loan. Amounts are in naira. / Amount of each instalment (₦) / Later instalments fall on the same day of each following month, or on the last day of a shorter month.","The amount entered is each instalment's amount, not the loan total; due dates move to the last day of a shorter month.",Misleading: the code uses the amount per instalment; after review: month-end dates were not explained,"P1 money, consent, security or state meaning",core/views.py customer_form; core/services.py month_date,Implemented,Automated: core/tests/test_copy.py::test_form_errors_say_what_to_do; Walk diff reviewed
F2,Add a customer,core/forms.py,Date input,Organisation staff,(accepted 11/15/2026 and other US month-first dates silently; error 'Enter a valid date.'),"Only YYYY-MM-DD accepted. Error: Enter the date as YYYY-MM-DD, for example 2026-11-15.",Due dates cannot be misread as month-first.,Risk of wrong due dates (01/02 read as 2 January),"P1 money, consent, security or state meaning",TRD NFR-09,Implemented,Automated: core/tests/test_copy.py::test_form_errors_say_what_to_do
F3,"Add a customer, payment request, refund",core/forms.py,Field errors,Organisation staff,This field is required. / Enter a number. / Enter a valid email address. / Ensure this value is greater than or equal to 1. / Select a valid choice. That choice is not one of the available choices.,"Enter the customer's name. / Enter the amount as a number, for example 18450.00. / Enter an email address such as name@example.com. / Enter a whole number from 1 to 120. / Choose an instalment from the list. Paid instalments and closed loans are not listed.","What to enter, with an example.",Default framework errors,"P2 blocks a task or recovery, or accessibility",Content guide (errors),Implemented,Automated: core/tests/test_copy.py::test_form_errors_say_what_to_do
F4,Add a customer,templates/customer_form.html,Data warning,Organisation staff,"Synthetic data only. Do not enter real borrower names, BVNs, or account numbers in this sandbox.","Use made-up details only. Do not enter real customer names, Bank Verification Numbers (BVNs) or account numbers in this demo.",Do not put personal data into the demo.,Terminology; abbreviation unexplained,"P2 blocks a task or recovery, or accessibility",Content guide; NDPA data minimisation,Implemented,Walk diff reviewed
F5,Add or edit a customer,core/views.py customer_form,Results,Organisation staff,Customer saved. / Customer or loan ID already exists in this organisation,"Customer added, with 3 instalments on loan LN-5001. / Changes saved. / That customer ID or loan ID is already used in your organisation. Use a different ID.","What was created, and how to fix a duplicate.",Vague feedback,P3 consistency and style,Content guide,Implemented,Automated: core/tests/test_copy.py::test_customer_names_and_missing_details
F6,Edit a customer,templates/customer_form.html,Introduction,Organisation staff,Amounts are in naira. The loan is split into equal instalments starting on the first due date.,"You can change the customer's name, customer ID, email, phone and loan product.",Which fields can change.,"Intro described creating, not editing","P2 blocks a task or recovery, or accessibility",core/views.py customer_form (disabled fields),Implemented,Walk diff reviewed
I1,Import,templates/import.html,Steps and buttons,Organisation staff,"Validate / Commit import / Start over / 3 rows passed. Review the preview, then commit.","Check file / Import 3 instalments / Start again / All 3 rows passed the checks. Check the preview below, then import.",Each button says what will happen.,Jargon,"P2 blocks a task or recovery, or accessibility",Content guide (buttons),Implemented,"Browser: 1280, 360 and 320 px; Walk diff reviewed"
I2,Import,core/services.py validate_csv,Row errors,Organisation staff,Row 4: [<class 'decimal.ConversionSyntax'>] / Row 3: amount: use a positive number with at most two decimal places,"Row 4, amount: ""abc"" is not a number. Enter the amount in naira, for example 18450.00. / Row 3, amount: ""10.005"" has more than 2 decimal places. Use no more than 2, for example 18450.50. (and specific messages for dates, emails, duplicates, lengths and extra values)","Which row and column is wrong, what was found and how to fix it.",Raw program errors shown to users,"P2 blocks a task or recovery, or accessibility",Content guide (errors),Implemented,Automated: core/tests/test_copy.py::test_import_problems_name_the_row_and_column; core/tests/test_payments.py
I3,Import,core/services.py validate_csv,Missing columns,Organisation staff,"Missing columns: amount, customer_id, due_date, email, loan_id, name, phone, product (listed every column)","The file is missing these columns: email, phone, loan_id, product, amount, due_date. The first row must name all 8 columns: … Download the CSV template to see the format.",Only the columns that are actually missing.,Misleading list,"P2 blocks a task or recovery, or accessibility",Editorial,Implemented,Automated: core/tests/test_copy.py::test_import_problems_name_the_row_and_column
I4,Import,templates/import.html,What the file needs,Organisation staff,"Columns / customer_id / … / amount naira, e.g. 18450.00",What the file needs / The first row must contain these column names. An import can only add new customers and new loans. / (help for each column),Import cannot update existing records.,Constraint unstated,"P2 blocks a task or recovery, or accessibility",core/services.py validate_csv,Implemented,Walk diff reviewed
I5,Import,core/views.py import_customers,Success,Organisation staff,Imported 3 instalments.,Imported 3 instalments for 2 loans.,What was imported.,Incomplete feedback,P3 consistency and style,Editorial,Implemented,"Browser: 1280, 360 and 320 px"
CL1,Collections,templates/collections.html,Page description,Organisation staff,Every instalment and where it stands. Debits are never run from this screen in the sandbox.,"Every instalment and its status. In this demo, scheduled direct debits do not run; you can request a payment for an instalment instead.",What the demo can and cannot do from this page.,Terminology; next step missing,"P2 blocks a task or recovery, or accessibility",Product Roadmap (v1 scope),Implemented,Walk diff reviewed
CL2,Collections,templates/collections.html,Hold badge,Organisation staff,"{name} Hold (badge next to the name, status column also On hold)",{name} (status column shows On hold),One label for one state.,"Duplicate, inconsistent label",P3 consistency and style,TRD 8.3; content guide,Implemented,Walk diff reviewed
P1,Pay-by-bank,templates/payments.html,Page description,Organisation staff,"Payments & requests / Requests are shareable demo links. Payments show only what a provider reported, never assumed.","Payment requests and payments / A payment request asks a customer to pay one instalment from their bank. A payment appears below only once it is confirmed. In this demo, every payment is a sample record and no payment can be made.",A request is not a payment; payments are confirmed records.,Implied a provider was connected,"P1 money, consent, security or state meaning","TRD BR-02, BR-03, 8.3",Implemented,Walk diff reviewed
P2,New payment request,templates/request_form.html; core/forms.py,Instalment choice,Organisation staff,"--------- / Amara Okeke · LN-2041 / 2 · ₦35,000.00","Choose an instalment / Amara Okeke · LN-2041 · instalment 2 · ₦35,000.00 outstanding · on hold","Which instalment, how much is still owed on it, and whether the loan is on hold.",Amount meaning unclear (outstanding vs scheduled),"P1 money, consent, security or state meaning",TRD 8.3,Implemented,"Browser: 1280, 360 and 320 px; Walk diff reviewed"
P3,New payment request,templates/request_form.html,Confirmation checkbox and next steps,Organisation staff,"Confirm the amount and recipient… / In this sandbox, the provider is not connected, so the customer is told payment is unavailable.","I have checked the amount and the instalment. In this demo, this creates a link only: no money moves and nothing is sent to the customer. / You get a payment link to copy and share with the customer. / The customer sees Meridian Finance's name, the amount and the instalment. / In the live service, the customer approves the payment at their bank. It counts only once it is confirmed: a return from the bank's page is not proof of payment. / In this demo, the customer's page explains that no payment can be made.",Creating a request is not sending it and is not a payment.,Confirmed-is-not-sent rule not stated,"P1 money, consent, security or state meaning","TRD BR-02, BR-03",Implemented,"Browser: 1280, 360 and 320 px; Walk diff reviewed"
P4,New payment request,core/views.py request_form,Blocked requests,Organisation staff,"This instalment is on hold, closed, or already in progress. / A request is already in progress for this instalment.","This loan is on hold, so a payment cannot be requested until the hold is released. / This loan is closed, so… / A payment for this instalment is still in progress or has no final result yet. Wait for the final result before requesting another payment. / This instalment already has an open payment request ({reference}, {status}). Cancel it, or wait until it ends, before creating another.","The one real reason, and the safe next step.",Combined reasons; no next step; October 2026: the owner asked for plain words for Unknown result (copy-review.md O15),"P1 money, consent, security or state meaning","TRD BR-05, FR-P3.2",Implemented,Walk diff reviewed
P5,Payment request page,"core/content.py PAYMENT_REQUEST; templates/request_detail.html, payments.html",Status meanings,Organisation staff,Awaiting approval (label only); Expired; Cancelled,Awaiting approval: The customer has not yet approved this payment at their bank. / Expired: The link expired before a payment was approved. It no longer works. / Cancelled: This request was cancelled. The link no longer works.,"Awaiting approval refers to the customer's bank, not to a staff review.",Ambiguous state name,"P1 money, consent, security or state meaning",TRD 8.3,Implemented; awaiting owner review,"Automated: core/tests/test_copy.py::test_creating_a_request_never_claims_money_moved; Browser: 1280, 360 and 320 px"
P6,Payment request page,templates/request_detail.html,Link panel,Organisation staff,Share link / Copy / Demo link. Opening it shows the customer page; no payment can complete in the sandbox. / Preview customer page / Expires,"Payment link / Copy link / Share this link with the customer. In this demo, the customer's page explains that no payment can be made. / Preview the customer's page (opens in a new tab) / Link expires {date}, {time} WAT / Instalment {loan} · instalment 3 of 6, due {date}","Where the link goes, when it stops working and which instalment it is for.",Terminology; instalment and time zone missing,"P2 blocks a task or recovery, or accessibility",TRD FR-CP2; NFR-09,Implemented,"Browser: 1280, 360 and 320 px"
P7,Pay-by-bank,"templates/payments.html, request_detail.html; core/views.py",Cancel request,Organisation staff,Cancel this request? The link will stop working. / Request cancelled. / Only an unpaid request awaiting approval can be cancelled.,Cancel payment request {reference}? Its link will stop working. / Payment request {reference} cancelled. Its link no longer works. / This payment request is already cancelled.,"Which request, and the consequence.",Confirmation did not name the record; blocked reason generic,"P2 blocks a task or recovery, or accessibility",Content guide,Implemented,"Browser: 1280, 360 and 320 px (dialog text)"
B1,Customer pages,templates/public.html,Header,Customer (borrower or member),Secured by Valo Pay · Loan {loan},Valo Pay is a service provider to {lender} · Loan {loan},"Who the customer deals with, and Valo Pay's role.",Unsupported security claim; required relationship statement missing,"P1 money, consent, security or state meaning",TRD FR-CP1,Implemented,"Automated: core/tests/test_copy.py::BorrowerPageTests; Browser: 1280, 360 and 320 px"
B2,Customer payment page,templates/public.html,Request and button,Customer (borrower or member),"{lender} has requested a payment towards loan {loan}. / Link expires {date}, {time} / Pay by bank transfer","{lender} has asked you to make a payment towards your loan {loan}. / For instalment 2 of 6, due {date} / This link expires on {date} at {time} WAT / Pay from your bank","What is being paid and how; the button starts a bank payment, not a manual transfer; the amount may be only part of the instalment.",'Pay by bank transfer' could prompt a manual transfer outside the flow; after review: 'pay this instalment' implied a part payment settled it,"P1 money, consent, security or state meaning","TRD FR-CP2, 8.2",Implemented,"Automated: core/tests/test_copy.py::BorrowerPageTests; Browser: 1280, 360 and 320 px"
B3,Customer payment result,templates/public.html,After pressing the button,Customer (borrower or member),Bank provider unavailable / We could not reach the payment provider. / This is a demo sandbox. No bank was contacted…,"Demo · bank step not available / No payment was made / This is a demonstration, so you were not sent to your bank and no money moved. In the live service, you would approve the payment at your bank, and {lender} would see it only after it is confirmed.",Nothing happened; the customer should not try again expecting a payment.,Described an outage that did not happen (could prompt repeated attempts),"P1 money, consent, security or state meaning",TRD BR-03,Implemented,"Automated: core/tests/test_copy.py; core/tests/test_payments.py; Browser: 1280, 360 and 320 px"
B4,Customer consent result,templates/public.html,After pressing the button,Customer (borrower or member),Bank provider unavailable / We could not reach the payment provider. / …,"Your bank was not contacted / This is a demonstration, so no direct debit authorisation was created and no money will be collected. In the live service, you would now go to your bank to approve the authorisation.",No authorisation exists; no money will be collected.,Wrong flow (payment wording on consent) and fictional outage,"P1 money, consent, security or state meaning",TRD 8.2,Implemented,"Automated: core/tests/test_copy.py::BorrowerPageTests; Browser: 1280, 360 and 320 px"
B5,Customer consent page,templates/public.html,"Heading, terms and retry rule",Customer (borrower or member),"Hello {first name}, please review your repayment plan. / Maximum per debit / If a debit fails: Standard / Schedule / Continue to my bank","Hello {first name}, please check your repayment plan / … This is called a direct debit. / Maximum for each debit / If a debit does not go through: {lender} may try again 2 days later and 5 days later, for the same amount. / Repayment schedule / Continue to your bank","What happens if a debit fails, in words the customer understands.",Internal preset name ('Standard') shown to customers,"P1 money, consent, security or state meaning",TRD 8.2,Implemented; awaiting owner review,"Automated: core/tests/test_copy.py::test_consent_page; Browser: 1280, 360 and 320 px"
B6,Customer consent page,templates/public.html,Authorisation and withdrawal sentences,Customer (borrower or member),I authorise {lender} to debit up to {maximum} per instalment on the schedule above. / You can withdraw this authorisation at any time by contacting {lender}. Withdrawing does not cancel what you owe.,(unchanged),The customer's authorisation and their right to withdraw.,Legal wording,"P1 money, consent, security or state meaning",TRD 8.2; legal counsel,Unchanged; awaiting owner review,Automated: core/tests/test_copy.py::test_consent_page (pinned)
B7,Customer pages,templates/public.html,Security footer,Customer (borrower or member),"Valo Pay never asks for your card PIN, BVN or bank password.",(unchanged),Anti-fraud guidance.,Security wording,"P1 money, consent, security or state meaning",Editorial (existing),Unchanged; awaiting owner review,Automated: core/tests/test_copy.py::test_consent_page (pinned)
B8,Customer pages,templates/public.html,Link no longer active,Customer (borrower or member),Link unavailable / This link has expired or was cancelled. / Please contact {lender} for a new link.,"Consent: This consent link is no longer active / It may have been used or withdrawn, or it was not used within 14 days. If you need a new link, contact {lender}. / Payment: This payment link is no longer active / It has expired, or {lender} cancelled the request. No payment can be made through this link. If you still need to pay, contact {lender} for a new link.","Why the link stopped working, and who to contact.",One message for two flows; reasons incomplete,"P2 blocks a task or recovery, or accessibility",core/views.py public; TRD 7.4,Implemented,"Automated: core/tests/test_copy.py::test_payment_pages; Browser: 1280, 360 and 320 px"
R1,Reviews,templates/reviews.html,Name and description,Organisation staff,"Exceptions / Unknown outcomes, failures and refunds. A second person approves anything that touches money.","Review queue / Items a person must decide: payments whose result is not known, failed debits, unclear matches, consent problems and refund requests. Anything that affects money is decided by someone other than the person who prepared it.",What lands in the queue and the separation rule.,Name differed from navigation; rule misstated ('approves'); October 2026: the owner asked for plain words for Unknown result (copy-review.md O15),"P2 blocks a task or recovery, or accessibility","TRD 4.2, FR-C5, BR-11",Implemented,Walk diff reviewed
R2,Review item,core/content.py REVIEW_KIND; templates/review_detail.html,What needs deciding,Organisation staff,"Evidence (first section, no explanation of the item type)","What needs deciding: {meaning of the type}, e.g. Payment result not known: We do not know yet whether this payment went through. Collection for this instalment stays on hold until the result is known.",What the reviewer must decide.,Item types unexplained; October 2026: the owner asked for plain words for Unknown result (copy-review.md O15),"P1 money, consent, security or state meaning","TRD FR-C5, BR-05",Implemented,Automated: core/tests/test_copy.py::test_states_keep_their_meaning
R3,Review item,templates/review_detail.html,Evidence note,Organisation staff,"Unknown outcomes, unclear matches, possible duplicates and reversals need provider evidence before they can be resolved. That integration is not connected yet… (shown on every item, including refunds)","Only on items that need evidence: This item needs evidence from Paystack or the bank before anyone can decide it. No Paystack account is connected in this demo, so it stays open. A payment is never marked as paid by hand. / On refunds: Approving a refund records the decision only. In the live service, Paystack then processes the refund, and its status moves to Processing and then to Refunded or Failed. In this demo, nothing is refunded.",Why some items cannot be decided; what approving a refund does.,Irrelevant note on refunds,"P1 money, consent, security or state meaning","TRD BR-05, refund states (8.3)",Implemented,Walk diff reviewed
R4,Review item,templates/review_detail.html; core/views.py,Decision form and messages,Organisation staff,Outcome / Select an outcome and add a note. / A different person must review this item. / Owner updated. / Decision saved. Approved refunds remain unprocessed until a provider is connected. (for every decision),"Decision (Resolve or Dismiss, with help; or Approve refund or Reject refund) / Choose an outcome and write a note explaining your decision. / You prepared this item, so a different person must decide it. / {name} now owns this review. / Review resolved. Your note is saved with the decision. / Refund approved. Nothing has been refunded yet: in the live service, Paystack processes approved refunds. In this demo, no money moves. / Refund rejected. The payment is unchanged.","What was decided, by whom, and its money consequence.",One refund message shown for every decision,"P1 money, consent, security or state meaning","TRD BR-11, 8.3",Implemented,Automated: core/tests/test_copy.py::test_approved_refund_is_not_called_refunded; core/tests/test_reviews.py
R5,Review item,templates/review_detail.html,Refund status,Organisation staff,(not shown),"Refund status: Approved — Not refunded yet. No money has been returned. (also Requested, Rejected)",Approved is not Refunded.,Missing state,"P1 money, consent, security or state meaning",TRD 8.3 (refund states),Implemented,Automated: core/tests/test_copy.py::test_approved_refund_is_not_called_refunded
R6,Review item,templates/review_detail.html,Owner select,Organisation staff,(no label),Who is working on this item,What the owner field means.,Accessibility: unlabelled control,"P2 blocks a task or recovery, or accessibility","WCAG 1.3.1, 4.1.2",Implemented,"Automated: core/tests/test_copy.py (form controls have labels); Browser: 1280, 360 and 320 px"
RF1,Request a refund,templates/refund_form.html; core/views.py; core/forms.py,Form,Organisation staff,"Refund amount (₦): / Reason: / Submit for approval / Exceeds the amount still available to refund. / A different team member must approve this in Reviews. In the sandbox, approval only marks it Approved — no money is returned.","Refund amount (₦) / Up to {amount}: the part of this payment not already covered by refund requests. / Reason for the refund / Request refund / Enter an amount no higher than {amount}, … / A different team member must approve or reject this request in Reviews. Approval does not move money: in the live service, Paystack processes the refund after approval. In this demo, nothing is refunded. / Refund of {amount} requested. A different team member must approve or reject it here in Reviews.","How much can be refunded, and that approval is not a refund.",Approved-is-not-Refunded not explained for the live service; 'Submit',"P1 money, consent, security or state meaning",TRD 8.3; BR-11,Implemented,Automated: core/tests/test_copy.py; Walk diff reviewed
ST1,Settings,templates/settings.html; core/forms.py,Organisation settings,Organisation staff,Name: / Retry preset: Standard · retry after 2 and 5 days / Receipts: / Demo settings saved. Email delivery and scheduled debits are not connected.,Organisation name (Customers see this name on consent and payment pages.) / Retry preset: Standard · try again after 2 and 5 days (What happens when a direct debit does not go through. Customers see this on the consent page.) / Email receipts to customers (… Emails are not sent in this demo.) / Settings saved. Emails and scheduled debits do not run in this demo.,"Where each setting shows, and what the demo does not do.",Consequences unstated,"P2 blocks a task or recovery, or accessibility",TRD 8.2,Implemented,Walk diff reviewed
ST2,Settings,templates/settings.html,Non-Admin access,Organisation staff,(editable form; saving returned a 403 page),"Fields disabled, with: Only an Admin can change these settings. You are acting as {name} ({role}).","Who can change settings, before trying.",Dead end,"P2 blocks a task or recovery, or accessibility",TRD 4.2,Implemented,Walk diff reviewed
ST3,Settings,templates/settings.html; core/content.py ROLE,Team and roles,Organisation staff,Ada Okafor Admin / … / Team invitations and two-factor authentication are not connected yet.,"Each member with their role description, e.g. Reviewer: Supervisor: approves or rejects refunds, decides items that affect money and releases holds. / Inviting team members and two-step verification are not available in this demo.",What each role can do.,Roles unexplained; term inconsistent with FR-X1.2,"P2 blocks a task or recovery, or accessibility","TRD 4.2, R3, FR-X1.2",Implemented,Automated: core/tests/test_copy.py::test_roles_are_named_and_explained
ST4,Settings,templates/settings.html,Price example,Organisation staff,"Usage / Bank fees / VAT / Total / Illustration of pricing only, based on 0 eligible items. Excludes all synthetic payments. Not an invoice and not real usage; nothing is charged.","Usage fees / Pay-by-bank fees / VAT (7.5%) / Example total for a month / An example based on proposed Collections pricing: a licence from ₦150,000 a month, plus a usage fee of 0.3% of each eligible direct debit, capped at ₦150. A debit is eligible once it is confirmed and the contract's reversal period has passed without a reversal. Sample payments are never eligible, so usage here is ₦0.00 …","An example, not a quote or invoice; which debits carry the fee.",'Bank fees' mislabelled Valo Pay's Pay-by-bank fee; eligibility unexplained,"P1 money, consent, security or state meaning","Business Plan section 7 (Starter from ₦150,000; 0.3% capped at ₦150; Pay-by-bank ₦50); BR-16, BR-17; TRD FR-X4.4",Implemented; awaiting owner review,Walk diff reviewed
ST5,Settings,templates/settings.html,Go-live checklist,Organisation staff,… — to do (8 items),"Live mode can be switched on only when every item is done. / … — not done (8 items, reworded)",Live mode is blocked until each item is done.,Status wording; TRD lists 10 items,"P2 blocks a task or recovery, or accessibility",TRD 16.4,Implemented; awaiting owner review,Walk diff reviewed
PV1,Credit Desk and Cash Desk,templates/preview.html; core/views.py preview,Preview pages,Organisation staff,Sample preview · Coming later / An early look at what we plan to build… / Planned capabilities,"Preview · Not available yet / An early look at a workspace planned for a later release. Nothing here is live, and no data is connected. / Planned features / (feature lines rewritten, including 'No credit scores or automatic approvals: a person always decides')",These are not working features and have no date.,Timing promise; feature wording,"P2 blocks a task or recovery, or accessibility",Product Roadmap; TRD (Credit Desk: no scores),Implemented; awaiting owner review,Walk diff reviewed
E1,Error pages,templates/403.html,Not allowed,Anyone,403 Forbidden,"Not allowed / Your current role cannot do this / The team member you are acting as does not have permission for this, so nothing was changed. In this demo, you can switch to a team member whose role allows it. / Switch person / Go to the Dashboard",Nothing changed; how to continue.,Default server page,"P2 blocks a task or recovery, or accessibility",Content guide (blocked actions),Implemented,"Automated: core/tests/test_copy.py::test_not_allowed; Browser: 1280, 360 and 320 px"
E2,Error pages,templates/404.html,Page not found,Anyone,Not Found / The requested resource was not found on this server.,"Staff: Page not found / This page does not exist / The link may be wrong, incomplete or out of date. If someone sent you this link, ask them for a new one. Demo records belong to one workspace, so links from an earlier demo session no longer work. Customer links (/consent/, /pay/): Link not found / This link does not work / It may be incomplete, or it may have been replaced or cancelled. No payment can be made and nothing can be authorised through it. If you need a new link, contact the lender or cooperative that sent it to you.","Why, and what to do; customers never see staff or demo wording.",Default server page; after review: replaced consent links showed customers the staff demo page,"P2 blocks a task or recovery, or accessibility",Content guide (borrower pages),Implemented,"Automated: core/tests/test_copy.py::test_not_found, ::test_unknown_or_replaced_link; Browser: 1280, 360 and 320 px"
E3,Error pages,templates/500.html,Server error,Anyone,Server Error (500),"This page could not be shown / Valo Pay ran into an error on its side. If you were making a change, open the record again to check whether it was saved before you try again.",Check before repeating an action.,Default server page; risk of repeating an action,"P1 money, consent, security or state meaning",Content guide (errors),Implemented,Automated: core/tests/test_copy.py::test_server_error_page_needs_no_context
E4,Error pages,templates/403_csrf.html,Form not accepted,Anyone,Forbidden (403) / CSRF verification failed. Request aborted. / You are seeing this message because this site requires a CSRF cookie…,"Form not accepted / This form could not be sent / For security, Valo Pay accepts a form only from a page it has just shown you, and it uses a cookie to check this. Nothing was saved. Go back, reload the page and send the form again. If this keeps happening, check that your browser allows cookies for this site.",Nothing was saved; how to recover.,Technical jargon,"P2 blocks a task or recovery, or accessibility",Content guide,Implemented,Automated: core/tests/test_copy.py::test_form_without_a_security_token
E5,Error pages,(none),Method not allowed (405),Anyone,(blank page),(unchanged),—,Blank page on a wrong request method,P3 consistency and style,—,Not changed; owner decision,Walk diff reviewed
A1,Audit trail (new entries only),core/services.py seed; core/views.py settings,Audit details,Organisation staff,"Synthetic examples loaded. Live payment processing is disabled. / Organisation name, retry preset or receipt preference updated in demo.","Sample data loaded. No payment provider is connected, so no money can move. / Organisation name, retry preset or email receipts setting saved.",Wording of entries created from now on. Existing entries are not rewritten.,Terminology,P3 consistency and style,Content guide (legal and evidence),Implemented,Walk diff reviewed
A2,Review items (new demo workspaces only),core/services.py seed,Sample evidence,Organisation staff,Synthetic example for exploring the review process. No bank was contacted; no real money moved.,"Sample item for trying out reviews. No bank or payment provider was contacted, and no money moved.",This is sample data.,Terminology,P3 consistency and style,Content guide,Implemented,Walk diff reviewed
